<?xml version="1.0" encoding="UTF-8"?>
<jobs xmlns="http://www.demandware.com/xml/impex/jobs/2015-07-01">
  <job job-id="NarvarOrderAPI" priority="0">
    <description />
    <parameters />
    <flow>
      <context site-id="RefArch" />
      <step step-id="createorders" type="ExecuteScriptModule" enforce-restart="false">
        <description />
        <parameters>
          <parameter name="ExecuteScriptModule.Module">int_narvar_sfra/cartridge/scripts/jobs/createOrders.js</parameter>
          <parameter name="ExecuteScriptModule.FunctionName">Execute</parameter>
          <parameter name="ExecuteScriptModule.Transactional">false</parameter>
        </parameters>
      </step>
    </flow>
    <rules />
    <triggers>
      <run-once enabled="false">
        <date>2020-02-18Z</date>
        <time>05:00:00.000Z</time>
      </run-once>
    </triggers>
  </job>
  <job job-id="NarvarUploadOrderFile" priority="0">
    <description />
    <parameters />
    <flow>
      <context site-id="RefArch" />
      <step step-id="uploadfiles" type="ExecuteScriptModule" enforce-restart="false">
        <description />
        <parameters>
          <parameter name="ExecuteScriptModule.Module">int_narvar_sfra/cartridge/scripts/jobs/uploadOrderFiles.js</parameter>
          <parameter name="ExecuteScriptModule.FunctionName">Execute</parameter>
          <parameter name="ExecuteScriptModule.Transactional">false</parameter>
        </parameters>
      </step>
    </flow>
    <rules />
    <triggers>
      <run-once enabled="false">
        <date>2020-02-18Z</date>
        <time>05:00:00.000Z</time>
      </run-once>
    </triggers>
  </job>
</jobs>