<?xml version="1.0" encoding="UTF-8"?>
<services xmlns="http://www.demandware.com/xml/impex/services/2014-09-26">
  <service-credential service-credential-id="NARVAR_API_CREDS">
    <url>Narvar Endpoint</url>
    <user-id>Narvar User Id</user-id>
    <password masked="true">Narvar client token</password>
  </service-credential>
  <service-credential service-credential-id="NARVAR_LOGS_API_CREDS">
    <url>Narvar Endpoint</url>
    <user-id>Narvar User Id</user-id>
    <password masked="true">Narvar client token</password>
  </service-credential>
  <service-credential service-credential-id="NARVAR_BULK_API_CREDS">
    <url>Narvar Endpoint</url>
    <user-id>Narvar User Id</user-id>
    <password masked="true">Narvar client token</password>
  </service-credential>
  <service-profile service-profile-id="NARVAR">
    <timeout-millis>10000</timeout-millis>
    <rate-limit-enabled>false</rate-limit-enabled>
    <rate-limit-calls>0</rate-limit-calls>
    <rate-limit-millis>0</rate-limit-millis>
    <cb-enabled>false</cb-enabled>
    <cb-calls>0</cb-calls>
    <cb-millis>0</cb-millis>
  </service-profile>
  <service service-id="NARVAR_ORDER_INGESTION">
    <service-type>HTTP</service-type>
    <enabled>true</enabled>
    <log-prefix>Narvar</log-prefix>
    <comm-log-enabled>true</comm-log-enabled>
    <force-prd-enabled>false</force-prd-enabled>
    <mock-mode-enabled>false</mock-mode-enabled>
    <profile-id>NARVAR</profile-id>
    <credential-id>NARVAR_API_CREDS</credential-id>
  </service>
  <service service-id="NARVAR_BULK_INGESTION">
    <service-type>GENERIC</service-type>
    <enabled>true</enabled>
    <log-prefix>NarvarFileUpload</log-prefix>
    <comm-log-enabled>true</comm-log-enabled>
    <force-prd-enabled>false</force-prd-enabled>
    <mock-mode-enabled>false</mock-mode-enabled>
    <profile-id>NARVAR</profile-id>
    <credential-id>NARVAR_BULK_API_CREDS</credential-id>
  </service>
  <service service-id="NARVAR_LOG_INGESTION">
    <service-type>HTTP</service-type>
    <enabled>true</enabled>
    <log-prefix>NarvarLogIngestion</log-prefix>
    <comm-log-enabled>true</comm-log-enabled>
    <force-prd-enabled>false</force-prd-enabled>
    <mock-mode-enabled>false</mock-mode-enabled>
    <profile-id>NARVAR</profile-id>
    <credential-id>NARVAR_LOGS_API_CREDS</credential-id>
  </service>
</services>