<?xml version="1.0" encoding="UTF-8"?>
<services xmlns="http://www.demandware.com/xml/impex/services/2014-09-26">
    <service-credential service-credential-id="Paypal_Sandbox_Credentials">
        <url>https://api.sandbox.paypal.com/</url>
        <user-id>AafqwrHJnSjS-aiI5RMncdX-_2ykmPTC0CrteEUPYLLyZz2AP3Oz9kFHnHjQ0CDy0o3pp77yjwd3pjpf</user-id>
        <password>EMKKoPbYTLtwtE9m436NClCbjtesVWLtgnB__pha_gZDiV-fVq4_ycWWtTWpU-MUPp42rzl9R2pQuLA4</password>
    </service-credential>

    <service-profile service-profile-id="PayPal_Profile">
        <timeout-millis>60000</timeout-millis>
        <rate-limit-enabled>false</rate-limit-enabled>
        <rate-limit-calls>0</rate-limit-calls>
        <rate-limit-millis>0</rate-limit-millis>
        <cb-enabled>false</cb-enabled>
        <cb-calls>0</cb-calls>
        <cb-millis>0</cb-millis>
    </service-profile>

    <service service-id="int_paypal.http.rest">
        <service-type>HTTP</service-type>
        <enabled>true</enabled>
        <log-prefix>PayPalRest</log-prefix>
        <comm-log-enabled>false</comm-log-enabled>
        <force-prd-enabled>false</force-prd-enabled>
        <mock-mode-enabled>false</mock-mode-enabled>
        <profile-id>PayPal_Profile</profile-id>
        <credential-id>Paypal_Sandbox_Credentials</credential-id>
    </service>
</services>
