<?xml version="1.0" encoding="UTF-8"?>
<preferences xmlns="http://www.demandware.com/xml/impex/preferences/2007-03-31">
    <standard-preferences>
        <all-instances>
            <preference preference-id="AccountNumberRetentionDays">0</preference>
            <preference preference-id="AddProductToBasketBehavior">IncrementQuantities</preference>
            <preference preference-id="AllowTracking">true</preference>
            <preference preference-id="ClickstreamHonorDNT">true</preference>
            <preference preference-id="CouponGeneratorIncludeDashes">true</preference>
            <preference preference-id="CouponGeneratorIncludeVowels">true</preference>
            <preference preference-id="EnableSiteOrderNumbers">false</preference>
            <preference preference-id="EnforceHTTPS">false</preference>
            <preference preference-id="IntegrationOrderCenterIncludeSite">true</preference>
            <preference preference-id="OrderEditExportDelay">30</preference>
            <preference preference-id="OrderExportDelay">30</preference>
            <preference preference-id="OrderIPLoggingEnabled">true</preference>
            <preference preference-id="OrderLifetime">0</preference>
            <preference preference-id="RedirectUrlCopySourceParameters">false</preference>
            <preference preference-id="SiteCatalog">storefront-catalog-m-en</preference>
            <preference preference-id="SiteCurrencies">USD:EUR:JPY:CNY</preference>
            <preference preference-id="SiteCustomerList">RefArch</preference>
            <preference preference-id="SiteDefaultLocale">en_US</preference>
            <preference preference-id="SiteInventoryList">inventory_m</preference>
            <preference preference-id="SiteLibrary">RefArchSharedLibrary</preference>
            <preference preference-id="SiteLocales">default:en_US</preference>
            <preference preference-id="SitePriceBooks">cny-m-list-prices:cny-m-sale-prices:eur-m-list-prices:eur-m-sale-prices:jpy-m-list-prices:jpy-m-sale-prices:usd-m-list-prices:usd-m-sale-prices</preference>
            <preference preference-id="SiteTimezone">Etc/UTC</preference>
            <preference preference-id="StorefrontURLsEnabled">true</preference>
        </all-instances>
        <development>
            <preference preference-id="AvailabilityFiltering">Disabled</preference>
            <preference preference-id="AvailabilityLowRankingThreshold">0.0</preference>
            <preference preference-id="ExternallyPublishProductIndex">false</preference>
            <preference preference-id="IncludePromotionIDInProductIndex">true</preference>
            <preference preference-id="MergedVariationGroupsDisplayMode">false</preference>
            <preference preference-id="RobotsTxtContent"/>
            <preference preference-id="RobotsTxtMode">Cartridge</preference>
            <preference preference-id="SearchSuggestions">Disabled</preference>
        </development>
        <staging>
            <preference preference-id="AvailabilityFiltering">Disabled</preference>
            <preference preference-id="AvailabilityLowRankingThreshold">0.0</preference>
            <preference preference-id="ExternallyPublishProductIndex">false</preference>
            <preference preference-id="IncludePromotionIDInProductIndex">true</preference>
            <preference preference-id="MergedVariationGroupsDisplayMode">false</preference>
            <preference preference-id="RobotsTxtContent"/>
            <preference preference-id="RobotsTxtMode">Cartridge</preference>
            <preference preference-id="SearchSuggestions">Enabled</preference>
        </staging>
        <production>
            <preference preference-id="AvailabilityFiltering">Disabled</preference>
            <preference preference-id="AvailabilityLowRankingThreshold">0.0</preference>
            <preference preference-id="ExternallyPublishProductIndex">false</preference>
            <preference preference-id="IncludePromotionIDInProductIndex">true</preference>
            <preference preference-id="MergedVariationGroupsDisplayMode">false</preference>
            <preference preference-id="RobotsTxtContent"/>
            <preference preference-id="RobotsTxtMode">Cartridge</preference>
            <preference preference-id="SearchSuggestions">Disabled</preference>
        </production>
    </standard-preferences>
    <custom-preferences>
        <all-instances/>
        <development>
            <preference preference-id="FedexEnabled">false</preference>
            <preference preference-id="PP_API_Button_Location">CartMinicartPdp</preference>
            <preference preference-id="QuickView">true</preference>
            <preference preference-id="mapAPI">AIzaSyBG0Z75I_r6jJz0_y2A_vuTUnYaOQyqNMc</preference>
        </development>
        <staging/>
        <production/>
    </custom-preferences>
</preferences>

