<?xml version="1.0" encoding="UTF-8"?>
<library xmlns="http://www.demandware.com/xml/impex/library/2006-10-31">
    <folder folder-id="root">
        <online-flag>true</online-flag>
        <page-attributes/>
    </folder>

    <folder folder-id="CustomerServiceAssets">
        <display-name xml:lang="x-default">CustomerServiceAssets</display-name>
        <description xml:lang="x-default">Customer Service Assets</description>
        <online-flag>true</online-flag>
        <parent>root</parent>
        <page-attributes/>
    </folder>

    <content content-id="customer-service-page">
        <display-name xml:lang="x-default">Customer Service</display-name>
        <description xml:lang="x-default">Customer Service</description>
        <online-flag>true</online-flag>
        <searchable-flag>true</searchable-flag>
        <page-attributes/>
        <custom-attributes>
            <custom-attribute attribute-id="body" xml:lang="x-default">&lt;div class="content-page"&gt;&#13;
	&lt;h1 class="page-title"&gt;Customer Service&lt;/h1&gt;&#13;
	&lt;div class="row justify-content-center equal-height"&gt;&#13;
		&lt;div class="col-sm-8 col-md-6 col-lg-3"&gt;&#13;
			&lt;div id="orderingPayment" class="card"&gt;&#13;
				&lt;div class="card-header"&gt;&#13;
					&lt;h2&gt;Ordering &amp;amp; Payment&lt;/h2&gt;&#13;
				&lt;/div&gt;&#13;
				&lt;div class="card-body"&gt;&#13;
				&lt;ul class="category-group"&gt;&#13;
					&lt;li class="item"&gt;&lt;a id="PaymentTypesLink" href="/"&gt;Payment Types Accepted&lt;/a&gt;&lt;/li&gt;&#13;
					&lt;li class="item"&gt;&lt;a id="PromotionsLink" href="/"&gt;Promotions&lt;/a&gt;&lt;/li&gt;&#13;
				&lt;/ul&gt;&#13;
				&lt;/div&gt;						&#13;
			&lt;/div&gt;&#13;
		&lt;/div&gt;&#13;
		&#13;
		&lt;div class="col-sm-8 col-md-6 col-lg-3"&gt;	&#13;
			&lt;div id="shippingDelivery" class="card"&gt;&#13;
				&lt;div class="card-header"&gt;&#13;
					&lt;h2&gt;Shipping &amp;amp; Delivery&lt;/h2&gt;&#13;
				&lt;/div&gt;&#13;
				&lt;div class="card-body"&gt;&#13;
				&lt;ul class="category-group"&gt;&#13;
					&lt;li class="item"&gt;&lt;a id="ShippingChargesLink" href="/"&gt;Shipping Policies&lt;/a&gt;&lt;/li&gt;&#13;
					&lt;li class="item"&gt;&lt;a id="DeliveryTimesLink" href="/"&gt;Delivery Times&lt;/a&gt;&lt;/li&gt;&#13;
				&lt;/ul&gt;	&#13;
				&lt;/div&gt;				&#13;
			&lt;/div&gt;&#13;
		&lt;/div&gt;&#13;
		&#13;
		&lt;div class="col-sm-8 col-md-6 col-lg-3"&gt;		&#13;
			&lt;div id="orderTracking" class="card"&gt;&#13;
				&lt;div class="card-header"&gt;&#13;
					&lt;h2&gt;Order Tracking&lt;/h2&gt;&#13;
				&lt;/div&gt;&#13;
				&lt;div class="card-body"&gt;&#13;
				&lt;ul class="category-group"&gt;&#13;
					&lt;li class="item"&gt;&lt;a id="OrderTrackingLink" href="/shop/OrderStatusLookupView?catalogId=10551&amp;amp;langId=-1&amp;amp;storeId=11301"&gt;Order Status&lt;/a&gt;&lt;/li&gt;	&#13;
				&lt;/ul&gt;&#13;
				&lt;/div&gt;						&#13;
			&lt;/div&gt;&#13;
		&lt;/div&gt;&#13;
		&#13;
		&lt;div class="col-sm-8 col-md-6 col-lg-3"&gt;		&#13;
			&lt;div id="postSales" class="card"&gt;&#13;
				&lt;div class="card-header"&gt;&#13;
					&lt;h2&gt;Post Sale Support&lt;/h2&gt;	&#13;
				&lt;/div&gt;&#13;
				&lt;div class="card-body"&gt;&#13;
					&lt;ul class="category-group"&gt;&#13;
						&lt;li class="item"&gt;&lt;a id="CancelLink" href="/"&gt;Cancellations&lt;/a&gt;&lt;/li&gt;&#13;
						&lt;li class="item"&gt;&lt;a id="WarrantyLink" href="/"&gt;Warranty &amp;amp; Part Info&lt;/a&gt;&lt;/li&gt;&#13;
	                   &lt;li class="item"&gt;&lt;a id="ReturnsLink" href="https://returns.narvar.com/acmetools/returns?locale=en_US" target="_blank"&gt;Returns&lt;span class="screen-reader-only"&gt;Opens in new tab&lt;/span&gt;&lt;/a&gt;&lt;/li&gt;&#13;
					&lt;/ul&gt;					&#13;
				&lt;/div&gt;&#13;
			&lt;/div&gt;&#13;
		&lt;/div&gt;&#13;
		&#13;
		&lt;div class="col-sm-8 col-md-6 col-lg-3"&gt;						&#13;
			&lt;div id="policies" class="card" style="margin-left:0px"&gt;&#13;
				&lt;div class="card-header"&gt;&#13;
					&lt;h2&gt;Policies&lt;/h2&gt;&#13;
				&lt;/div&gt;&#13;
				&lt;div class="card-body"&gt;&#13;
					&lt;ul class="category-group"&gt;&#13;
						&lt;li class="item"&gt;&lt;a id="PriceGuaranteeLink" href="/"&gt;Pricing Guarantee&lt;/a&gt;&lt;/li&gt;&#13;
						&lt;li class="item"&gt;&lt;a id="TermsAndConditionsLink" href="/"&gt;Terms &amp;amp; Conditions&lt;/a&gt;&lt;/li&gt;&#13;
						&lt;li class="item"&gt;&lt;a id="PrivacyPolicyLink" href="/"&gt;Privacy Policy&lt;/a&gt;&lt;/li&gt;&#13;
						&lt;li class="item"&gt;&lt;a id="PrivacyPolicyLink" href="/"&gt;Return Policy&lt;/a&gt;&lt;/li&gt;&#13;
					&lt;/ul&gt;&#13;
				&lt;/div&gt;				&#13;
			&lt;/div&gt;&#13;
		&lt;/div&gt;&#13;
		&#13;
		&lt;div class="col-sm-8 col-md-6 col-lg-3"&gt;		&#13;
			&lt;div id="aboutUs" class="card"&gt;&#13;
				&lt;div class="card-header"&gt;&#13;
					&lt;h2&gt;About Us&lt;/h2&gt;&#13;
				&lt;/div&gt;&#13;
				&lt;div class="card-body"&gt;&#13;
					&lt;ul class="category-group"&gt;&#13;
						&lt;li class="item"&gt;&lt;a id="AboutUsLink" href="/"&gt;About Acme&lt;/a&gt;&lt;/li&gt;									&#13;
						&lt;li class="item"&gt;&lt;a id="StoreLocatorLink" href="/shop/StoreLocationLandingView?catalogId=10551&amp;amp;langId=-1&amp;amp;storeId=11301"&gt;Store Locations&lt;/a&gt;&lt;/li&gt;&#13;
						&lt;li class="item"&gt;&lt;a id="CareersLink" href="/"&gt;Careers&lt;/a&gt;&lt;/li&gt;&#13;
					&lt;/ul&gt;&#13;
				&lt;/div&gt;						&#13;
			&lt;/div&gt;&#13;
		&lt;/div&gt;&#13;
		&#13;
		&lt;div class="col-sm-8 col-md-6 col-lg-3"&gt;		&#13;
			&lt;div id="yourAccount" class="card"&gt;&#13;
				&lt;div class="card-header"&gt;&#13;
					&lt;h2&gt;Your AcmeTools Account&lt;/h2&gt;&#13;
				&lt;/div&gt;&#13;
				&lt;div class="card-body"&gt;&#13;
					&lt;ul class="category-group"&gt;&#13;
						&lt;li class="item"&gt;&lt;a id="BenefitsLink" href="/"&gt;Benefits of an Account&lt;/a&gt;&lt;/li&gt;&#13;
						&lt;li class="item"&gt;&lt;a id="CreateAccountLink" href="/shop/tools/UserRegistrationForm?new=Y&amp;amp;catalogId=10551&amp;amp;myAcctMain=1&amp;amp;langId=-1&amp;amp;storeId=11301"&gt;Create an Account&lt;/a&gt;&lt;/li&gt;&#13;
						&lt;li class="item"&gt;&lt;a id="ForgotPasswordLink" href="/shop/tools/ResetPasswordGuestErrorView?state=forgetpassword&amp;amp;catalogId=10551&amp;amp;langId=-1&amp;amp;storeId=11301"&gt;Forgot your Password?&lt;/a&gt;&lt;/li&gt;&#13;
					&lt;/ul&gt;&#13;
				&lt;/div&gt;					&#13;
			&lt;/div&gt;&#13;
		&lt;/div&gt;&#13;
		&#13;
		&lt;div class="col-sm-8 col-md-6 col-lg-3"&gt;		&#13;
			&lt;div id="reachUs" class="card"&gt;&#13;
				&lt;div class="card-header"&gt;&#13;
					&lt;h2&gt;How To Reach Us&lt;/h2&gt;&#13;
				&lt;/div&gt;&#13;
				&lt;div class="card-body"&gt;&#13;
					&lt;ul class="category-group"&gt;&#13;
						&lt;li class="item"&gt;&lt;a id="ContactUsLink" href="/shop/AcmeContactUsView?storeId=11301&amp;amp;urlLangId=-1&amp;amp;urlRequestType=Base&amp;amp;catalogId=10551"&gt;Contact Us&lt;/a&gt;&lt;/li&gt;&#13;
						&lt;li class="item"&gt;&lt;a id="RequestCatalogUsLink" href="/shop/RequestCatalogView?catalogId=10551&amp;amp;langId=-1&amp;amp;storeId=11301"&gt;Request a Catalog&lt;/a&gt;&lt;/li&gt;&#13;
						&lt;li class="item"&gt;&lt;a id="RequestQuoteLink" href="/shop/RequestQuoteView?storeId=11301&amp;amp;urlLangId=-1&amp;amp;urlRequestType=Base&amp;amp;langId=-1&amp;amp;catalogId=10551"&gt;Request a Quotation&lt;/a&gt;&lt;/li&gt;&#13;
						&lt;li class="item"&gt;&lt;a id="RequestQuoteLink" href="/shop/tools/faq"&gt;FAQs&lt;/a&gt;&lt;/li&gt;&#13;
					&lt;/ul&gt;&#13;
				&lt;/div&gt;				&#13;
			&lt;/div&gt;&#13;
		&lt;/div&gt;&#13;
	&lt;/div&gt;	&#13;
&lt;/div&gt;</custom-attribute>
        </custom-attributes>
        <folder-links>
            <classification-link folder-id="CustomerServiceAssets"/>
        </folder-links>
    </content>

</library>
